Date,Last Price
12/6/2024 16:03,2959.66
12/6/2024 16:03,2959.66
12/6/2024 16:03,2959.66
12/6/2024 16:03,2959.66
12/6/2024 15:41,2959.66
12/6/2024 15:41,2957.01
12/6/2024 15:41,2959.99
12/6/2024 15:41,2957.28
12/6/2024 15:19,2957.41
12/6/2024 15:19,2956.06
12/6/2024 15:19,2957.96
12/6/2024 15:19,2957.04
12/6/2024 14:57,2957.01
12/6/2024 14:57,2954.59
12/6/2024 14:57,2957.26
12/6/2024 14:57,2955.89
12/6/2024 14:35,2955.91
12/6/2024 14:35,2954.33
12/6/2024 14:35,2956.94
12/6/2024 14:35,2954.82
12/6/2024 14:13,2954.82
12/6/2024 14:13,2953.6
12/6/2024 14:13,2955.78
12/6/2024 14:13,2954.69
12/6/2024 13:52,2954.72
12/6/2024 13:52,2953.97
12/6/2024 13:52,2958.83
12/6/2024 13:52,2957.62
12/6/2024 13:30,2957.65
12/6/2024 13:30,2956.24
12/6/2024 13:30,2958.33
12/6/2024 13:30,2958.05
12/6/2024 13:08,2958.1
12/6/2024 13:08,2957.53
12/6/2024 13:08,2960.16
12/6/2024 13:08,2957.82
12/6/2024 12:46,2957.8
12/6/2024 12:46,2953.1
12/6/2024 12:46,2958.27
12/6/2024 12:46,2953.35
12/6/2024 12:24,2953.36
12/6/2024 12:24,2952.85
12/6/2024 12:24,2956.8
12/6/2024 12:24,2955.82
12/6/2024 12:02,2955.8
12/6/2024 12:02,2953.31
12/6/2024 12:02,2956.93
12/6/2024 12:02,2955.55
12/6/2024 11:41,2955.55
12/6/2024 11:41,2955.07
12/6/2024 11:41,2959.05
12/6/2024 11:41,2958.45
12/6/2024 11:19,2958.49
12/6/2024 11:19,2954.45
12/6/2024 11:19,2959.1
12/6/2024 11:19,2955.88
12/6/2024 10:57,2955.97
12/6/2024 10:57,2953.68
12/6/2024 10:57,2960.04
12/6/2024 10:57,2959.32
12/6/2024 10:35,2959.29
12/6/2024 10:35,2957.26
12/6/2024 10:35,2961.33
12/6/2024 10:35,2960.28
12/6/2024 10:13,2960.2
12/6/2024 10:13,2959.34
12/6/2024 10:13,2962.77
12/6/2024 10:13,2960.23
12/6/2024 9:51,2960.1
12/6/2024 9:51,2958.2
12/6/2024 9:51,2961.79
12/6/2024 9:51,2961.51
12/6/2024 9:30,2961.25
12/6/2024 9:30,2949.23
12/6/2024 9:30,2962
12/6/2024 9:30,2949.23
12/5/2024 16:03,2948.05
12/5/2024 16:03,2948.05
12/5/2024 16:03,2948.05
12/5/2024 16:03,2948.05
12/5/2024 15:41,2948.05
12/5/2024 15:41,2946.67
12/5/2024 15:41,2952.21
12/5/2024 15:41,2951.17
12/5/2024 15:19,2951.33
12/5/2024 15:19,2948.32
12/5/2024 15:19,2951.51
12/5/2024 15:19,2950.01
12/5/2024 14:57,2950.08
12/5/2024 14:57,2949.75
12/5/2024 14:57,2952.89
12/5/2024 14:57,2951.82
12/5/2024 14:35,2951.85
12/5/2024 14:35,2950.41
12/5/2024 14:35,2952.94
12/5/2024 14:35,2951.67
12/5/2024 14:13,2951.62
12/5/2024 14:13,2950.84
12/5/2024 14:13,2953.83
12/5/2024 14:13,2952.44
12/5/2024 13:52,2952.41
12/5/2024 13:52,2949.14
12/5/2024 13:52,2952.69
12/5/2024 13:52,2951.31
12/5/2024 13:30,2951.33
12/5/2024 13:30,2949.79
12/5/2024 13:30,2954.3
12/5/2024 13:30,2951.08
12/5/2024 13:08,2951.09
12/5/2024 13:08,2948.9
12/5/2024 13:08,2956.98
12/5/2024 13:08,2956.56
12/5/2024 12:46,2956.55
12/5/2024 12:46,2955.47
12/5/2024 12:46,2957.62
12/5/2024 12:46,2956.35
12/5/2024 12:24,2956.35
12/5/2024 12:24,2954.19
12/5/2024 12:24,2956.41
12/5/2024 12:24,2954.38
12/5/2024 12:02,2954.41
12/5/2024 12:02,2952.49
12/5/2024 12:02,2956.34
12/5/2024 12:02,2952.75
12/5/2024 11:41,2952.74
12/5/2024 11:41,2950.69
12/5/2024 11:41,2953.59
12/5/2024 11:41,2951.09
12/5/2024 11:19,2951.04
12/5/2024 11:19,2950.67
12/5/2024 11:19,2952.75
12/5/2024 11:19,2950.8
12/5/2024 10:57,2950.79
12/5/2024 10:57,2947.31
12/5/2024 10:57,2950.9
12/5/2024 10:57,2948.67
12/5/2024 10:35,2948.64
12/5/2024 10:35,2946.83
12/5/2024 10:35,2950.12
12/5/2024 10:35,2948.58
12/5/2024 10:13,2948.67
12/5/2024 10:13,2948.04
12/5/2024 10:13,2951.56
12/5/2024 10:13,2949.97
12/5/2024 9:51,2949.91
12/5/2024 9:51,2947.73
12/5/2024 9:51,2952.15
12/5/2024 9:51,2948.9
12/5/2024 9:30,2948.96
12/5/2024 9:30,2947.31
12/5/2024 9:30,2951.21
12/5/2024 9:30,2950.56
12/4/2024 16:03,2946.79
12/4/2024 16:03,2946.79
12/4/2024 16:03,2946.79
12/4/2024 16:03,2946.79
12/4/2024 15:41,2946.79
12/4/2024 15:41,2945.94
12/4/2024 15:41,2949
12/4/2024 15:41,2948.13
12/4/2024 15:19,2948.1
12/4/2024 15:19,2945.41
12/4/2024 15:19,2948.11
12/4/2024 15:19,2946.55
12/4/2024 14:57,2946.5
12/4/2024 14:57,2943.97
12/4/2024 14:57,2946.96
12/4/2024 14:57,2944.33
12/4/2024 14:35,2944.32
12/4/2024 14:35,2943.4
12/4/2024 14:35,2945.31
12/4/2024 14:35,2944.58
12/4/2024 14:13,2944.59
12/4/2024 14:13,2940.98
12/4/2024 14:13,2945.09
12/4/2024 14:13,2940.98
12/4/2024 13:52,2940.96
12/4/2024 13:52,2937.44
12/4/2024 13:52,2941.87
12/4/2024 13:52,2938.55
12/4/2024 13:30,2938.58
12/4/2024 13:30,2934.43
12/4/2024 13:30,2938.6
12/4/2024 13:30,2937.4
12/4/2024 13:08,2937.48
12/4/2024 13:08,2937.37
12/4/2024 13:08,2940.27
12/4/2024 13:08,2939.5
12/4/2024 12:46,2939.5
12/4/2024 12:46,2937.55
12/4/2024 12:46,2940.22
12/4/2024 12:46,2938.21
12/4/2024 12:24,2938.27
12/4/2024 12:24,2936.76
12/4/2024 12:24,2940.09
12/4/2024 12:24,2939.27
12/4/2024 12:02,2939.27
12/4/2024 12:02,2936.28
12/4/2024 12:02,2939.35
12/4/2024 12:02,2938.78
12/4/2024 11:41,2938.76
12/4/2024 11:41,2936.16
12/4/2024 11:41,2939.03
12/4/2024 11:41,2937.18
12/4/2024 11:19,2937.37
12/4/2024 11:19,2937.23
12/4/2024 11:19,2940.15
12/4/2024 11:19,2939.88
12/4/2024 10:57,2939.87
12/4/2024 10:57,2938.12
12/4/2024 10:57,2940.65
12/4/2024 10:57,2938.16
12/4/2024 10:35,2938.17
12/4/2024 10:35,2936.3
12/4/2024 10:35,2939.51
12/4/2024 10:35,2938.33
12/4/2024 10:13,2938.3
12/4/2024 10:13,2932.42
12/4/2024 10:13,2938.3
12/4/2024 10:13,2935.27
12/4/2024 9:51,2935.52
12/4/2024 9:51,2932.82
12/4/2024 9:51,2938.23
12/4/2024 9:51,2936.53
12/4/2024 9:30,2936.33
12/4/2024 9:30,2934.41
12/4/2024 9:30,2937.26
12/4/2024 9:30,2935.76
12/3/2024 16:03,2923.16
12/3/2024 16:03,2923.16
12/3/2024 16:03,2923.16
12/3/2024 16:03,2923.16
12/3/2024 15:41,2923.16
12/3/2024 15:41,2919.41
12/3/2024 15:41,2923.88
12/3/2024 15:41,2920.54
12/3/2024 15:19,2920.5
12/3/2024 15:19,2920.26
12/3/2024 15:19,2921.81
12/3/2024 15:19,2920.28
12/3/2024 14:57,2920.28
12/3/2024 14:57,2920.02
12/3/2024 14:57,2922.3
12/3/2024 14:57,2921.96
12/3/2024 14:35,2921.94
12/3/2024 14:35,2919.41
12/3/2024 14:35,2922.16
12/3/2024 14:35,2919.6
12/3/2024 14:13,2919.58
12/3/2024 14:13,2917.27
12/3/2024 14:13,2920.27
12/3/2024 14:13,2918.62
12/3/2024 13:52,2918.63
12/3/2024 13:52,2917.11
12/3/2024 13:52,2919.37
12/3/2024 13:52,2918.83
12/3/2024 13:30,2918.87
12/3/2024 13:30,2917.53
12/3/2024 13:30,2920.38
12/3/2024 13:30,2918.74
12/3/2024 13:08,2918.71
12/3/2024 13:08,2918.53
12/3/2024 13:08,2920.61
12/3/2024 13:08,2920.05
12/3/2024 12:46,2920.03
12/3/2024 12:46,2917.89
12/3/2024 12:46,2920.28
12/3/2024 12:46,2917.89
12/3/2024 12:24,2917.9
12/3/2024 12:24,2915.17
12/3/2024 12:24,2917.9
12/3/2024 12:24,2916.51
12/3/2024 12:02,2916.66
12/3/2024 12:02,2915.08
12/3/2024 12:02,2917.21
12/3/2024 12:02,2915.96
12/3/2024 11:41,2915.97
12/3/2024 11:41,2913.66
12/3/2024 11:41,2916.61
12/3/2024 11:41,2914.93
12/3/2024 11:19,2914.96
12/3/2024 11:19,2914.9
12/3/2024 11:19,2920.65
12/3/2024 11:19,2917.04
12/3/2024 10:57,2917.12
12/3/2024 10:57,2914.04
12/3/2024 10:57,2918.44
12/3/2024 10:57,2914.48
12/3/2024 10:35,2914.45
12/3/2024 10:35,2911.82
12/3/2024 10:35,2915.71
12/3/2024 10:35,2914.48
12/3/2024 10:13,2914.4
12/3/2024 10:13,2911.5
12/3/2024 10:13,2918.35
12/3/2024 10:13,2917.51
12/3/2024 9:51,2917.5
12/3/2024 9:51,2915.16
12/3/2024 9:51,2919.74
12/3/2024 9:51,2916.04
12/3/2024 9:30,2916.1
12/3/2024 9:30,2913.16
12/3/2024 9:30,2918.07
12/3/2024 9:30,2913.47
12/2/2024 16:03,2916.81
12/2/2024 16:03,2916.81
12/2/2024 16:03,2916.81
12/2/2024 16:03,2916.81
12/2/2024 15:41,2916.81
12/2/2024 15:41,2915.54
12/2/2024 15:41,2918.66
12/2/2024 15:41,2918.01
12/2/2024 15:19,2917.99
12/2/2024 15:19,2917.43
12/2/2024 15:19,2919.37
12/2/2024 15:19,2917.86
12/2/2024 14:57,2917.83
12/2/2024 14:57,2916.05
12/2/2024 14:57,2919.02
12/2/2024 14:57,2917.05
12/2/2024 14:35,2917.04
12/2/2024 14:35,2915.12
12/2/2024 14:35,2917.19
12/2/2024 14:35,2915.6
12/2/2024 14:13,2915.62
12/2/2024 14:13,2912.57
12/2/2024 14:13,2915.87
12/2/2024 14:13,2913.45
12/2/2024 13:52,2913.48
12/2/2024 13:52,2913.23
12/2/2024 13:52,2916.02
12/2/2024 13:52,2915.63
12/2/2024 13:30,2915.65
12/2/2024 13:30,2913.44
12/2/2024 13:30,2916.23
12/2/2024 13:30,2915.36
12/2/2024 13:08,2915.34
12/2/2024 13:08,2914.32
12/2/2024 13:08,2916.78
12/2/2024 13:08,2915.18
12/2/2024 12:46,2915.27
12/2/2024 12:46,2914.51
12/2/2024 12:46,2916.97
12/2/2024 12:46,2916.41
12/2/2024 12:24,2916.45
12/2/2024 12:24,2915.36
12/2/2024 12:24,2918.82
12/2/2024 12:24,2918.78
12/2/2024 12:02,2918.76
12/2/2024 12:02,2917.23
12/2/2024 12:02,2918.82
12/2/2024 12:02,2918.24
12/2/2024 11:41,2918.24
12/2/2024 11:41,2915.35
12/2/2024 11:41,2918.34
12/2/2024 11:41,2916.89
12/2/2024 11:19,2916.87
12/2/2024 11:19,2913.04
12/2/2024 11:19,2916.89
12/2/2024 11:19,2915.62
12/2/2024 10:57,2915.68
12/2/2024 10:57,2911.61
12/2/2024 10:57,2916.24
12/2/2024 10:57,2912.62
12/2/2024 10:35,2912.56
12/2/2024 10:35,2912.44
12/2/2024 10:35,2918.19
12/2/2024 10:35,2917
12/2/2024 10:13,2916.99
12/2/2024 10:13,2912.89
12/2/2024 10:13,2917.79
12/2/2024 10:13,2915.77
12/2/2024 9:51,2915.71
12/2/2024 9:51,2910.84
12/2/2024 9:51,2916.32
12/2/2024 9:51,2912.43
12/2/2024 9:30,2912.45
12/2/2024 9:30,2907.4
12/2/2024 9:30,2915.24
12/2/2024 9:30,2907.4
11/29/2024 13:39,2902.89
11/29/2024 13:39,2902.89
11/29/2024 13:39,2902.89
11/29/2024 13:39,2902.89
11/29/2024 13:08,2902.89
11/29/2024 13:08,2902.89
11/29/2024 13:08,2902.89
11/29/2024 13:08,2902.89
11/29/2024 12:46,2902.89
11/29/2024 12:46,2902.89
11/29/2024 12:46,2907.81
11/29/2024 12:46,2905.83
11/29/2024 12:24,2905.88
11/29/2024 12:24,2904.8
11/29/2024 12:24,2907.65
11/29/2024 12:24,2905.54
11/29/2024 12:02,2905.64
11/29/2024 12:02,2904.27
11/29/2024 12:02,2907.45
11/29/2024 12:02,2904.27
11/29/2024 11:41,2904.25
11/29/2024 11:41,2901.97
11/29/2024 11:41,2905.9
11/29/2024 11:41,2902.32
11/29/2024 11:19,2902.21
11/29/2024 11:19,2900.47
11/29/2024 11:19,2902.49
11/29/2024 11:19,2901.61
11/29/2024 10:57,2901.69
11/29/2024 10:57,2897.5
11/29/2024 10:57,2902.81
11/29/2024 10:57,2897.66
11/29/2024 10:35,2897.66
11/29/2024 10:35,2895.55
11/29/2024 10:35,2899.61
11/29/2024 10:35,2897.29
11/29/2024 10:13,2897.41
11/29/2024 10:13,2895.18
11/29/2024 10:13,2898.22
11/29/2024 10:13,2897.44
11/29/2024 9:51,2897.45
11/29/2024 9:51,2890.49
11/29/2024 9:51,2897.68
11/29/2024 9:51,2890.62
11/29/2024 9:30,2890.7
11/29/2024 9:30,2884.27
11/29/2024 9:30,2891.14
11/29/2024 9:30,2884.73
11/27/2024 16:03,2883.15
11/27/2024 16:03,2883.15
11/27/2024 16:03,2883.15
11/27/2024 16:03,2883.15
11/27/2024 15:41,2883.15
11/27/2024 15:41,2878.95
11/27/2024 15:41,2884.03
11/27/2024 15:41,2880.75
11/27/2024 15:19,2880.73
11/27/2024 15:19,2880.49
11/27/2024 15:19,2882.64
11/27/2024 15:19,2882.63
11/27/2024 14:57,2882.6
11/27/2024 14:57,2881.97
11/27/2024 14:57,2884.94
11/27/2024 14:57,2883.2
11/27/2024 14:35,2883.24
11/27/2024 14:35,2881.38
11/27/2024 14:35,2884.56
11/27/2024 14:35,2881.95
11/27/2024 14:13,2881.95
11/27/2024 14:13,2881.95
11/27/2024 14:13,2885
11/27/2024 14:13,2883.84
11/27/2024 13:52,2883.82
11/27/2024 13:52,2883
11/27/2024 13:52,2884.94
11/27/2024 13:52,2883.28
11/27/2024 13:30,2883.27
11/27/2024 13:30,2881.03
11/27/2024 13:30,2884.71
11/27/2024 13:30,2881.03
11/27/2024 13:08,2881.06
11/27/2024 13:08,2880.25
11/27/2024 13:08,2883.22
11/27/2024 13:08,2880.64
11/27/2024 12:46,2880.65
11/27/2024 12:46,2877.46
11/27/2024 12:46,2880.81
11/27/2024 12:46,2877.46
11/27/2024 12:24,2877.46
11/27/2024 12:24,2876.14
11/27/2024 12:24,2878.94
11/27/2024 12:24,2876.98
11/27/2024 12:02,2876.96
11/27/2024 12:02,2873.62
11/27/2024 12:02,2878.34
11/27/2024 12:02,2876.4
11/27/2024 11:41,2876.36
11/27/2024 11:41,2875.74
11/27/2024 11:41,2882.63
11/27/2024 11:41,2882.62
11/27/2024 11:19,2882.52
11/27/2024 11:19,2878.17
11/27/2024 11:19,2883.26
11/27/2024 11:19,2879.1
11/27/2024 10:57,2879.11
11/27/2024 10:57,2878.08
11/27/2024 10:57,2883.2
11/27/2024 10:57,2881.69
11/27/2024 10:35,2881.68
11/27/2024 10:35,2879.52
11/27/2024 10:35,2886
11/27/2024 10:35,2883.99
11/27/2024 10:13,2884.24
11/27/2024 10:13,2881.96
11/27/2024 10:13,2886.44
11/27/2024 10:13,2885.34
11/27/2024 9:51,2885.48
11/27/2024 9:51,2884.65
11/27/2024 9:51,2888.61
11/27/2024 9:51,2886.79
11/27/2024 9:30,2886.94
11/27/2024 9:30,2885.58
11/27/2024 9:30,2890.4
11/27/2024 9:30,2889.05
11/26/2024 16:03,2894.94
11/26/2024 16:03,2894.94
11/26/2024 16:03,2894.94
11/26/2024 16:03,2894.94
11/26/2024 15:41,2894.94
11/26/2024 15:41,2892
11/26/2024 15:41,2897.03
11/26/2024 15:41,2893
11/26/2024 15:19,2892.93
11/26/2024 15:19,2891.14
11/26/2024 15:19,2893.04
11/26/2024 15:19,2892.09
11/26/2024 14:57,2892.07
11/26/2024 14:57,2889.9
11/26/2024 14:57,2893.02
11/26/2024 14:57,2890.43
11/26/2024 14:35,2890.44
11/26/2024 14:35,2888.78
11/26/2024 14:35,2891.34
11/26/2024 14:35,2889.36
11/26/2024 14:13,2889.36
11/26/2024 14:13,2885.89
11/26/2024 14:13,2890.69
11/26/2024 14:13,2890.69
11/26/2024 13:52,2890.68
11/26/2024 13:52,2889.44
11/26/2024 13:52,2892.91
11/26/2024 13:52,2891.05
11/26/2024 13:30,2891.11
11/26/2024 13:30,2889.19
11/26/2024 13:30,2892.06
11/26/2024 13:30,2890.05
11/26/2024 13:08,2890
11/26/2024 13:08,2888.56
11/26/2024 13:08,2891.7
11/26/2024 13:08,2891.58
11/26/2024 12:46,2891.6
11/26/2024 12:46,2889.41
11/26/2024 12:46,2891.81
11/26/2024 12:46,2889.6
11/26/2024 12:24,2889.54
11/26/2024 12:24,2885.56
11/26/2024 12:24,2890.32
11/26/2024 12:24,2886.82
11/26/2024 12:02,2886.83
11/26/2024 12:02,2885.98
11/26/2024 12:02,2889.16
11/26/2024 12:02,2889.08
11/26/2024 11:41,2889.13
11/26/2024 11:41,2886.79
11/26/2024 11:41,2889.97
11/26/2024 11:41,2889.4
11/26/2024 11:19,2889.41
11/26/2024 11:19,2885.57
11/26/2024 11:19,2890.09
11/26/2024 11:19,2885.68
11/26/2024 10:57,2885.63
11/26/2024 10:57,2885.32
11/26/2024 10:57,2889.42
11/26/2024 10:57,2887.42
11/26/2024 10:35,2887.41
11/26/2024 10:35,2882.47
11/26/2024 10:35,2888.6
11/26/2024 10:35,2882.68
11/26/2024 10:13,2882.89
11/26/2024 10:13,2880.13
11/26/2024 10:13,2886.11
11/26/2024 10:13,2883.49
11/26/2024 9:51,2883.46
11/26/2024 9:51,2880.77
11/26/2024 9:51,2888.51
11/26/2024 9:51,2888.33
11/26/2024 9:30,2888.22
11/26/2024 9:30,2880.9
11/26/2024 9:30,2889.05
11/26/2024 9:30,2881.62
11/25/2024 16:03,2873.29
11/25/2024 16:03,2873.29
11/25/2024 16:03,2873.29
11/25/2024 16:03,2873.29
11/25/2024 15:41,2873.29
11/25/2024 15:41,2869.32
11/25/2024 15:41,2874.18
11/25/2024 15:41,2870.85
11/25/2024 15:19,2870.84
11/25/2024 15:19,2869.16
11/25/2024 15:19,2871.39
11/25/2024 15:19,2870.05
11/25/2024 14:57,2869.97
11/25/2024 14:57,2868.12
11/25/2024 14:57,2870.88
11/25/2024 14:57,2870.66
11/25/2024 14:35,2870.65
11/25/2024 14:35,2868.48
11/25/2024 14:35,2872.67
11/25/2024 14:35,2869.54
11/25/2024 14:13,2869.51
11/25/2024 14:13,2867.84
11/25/2024 14:13,2872.44
11/25/2024 14:13,2872.01
11/25/2024 13:52,2872
11/25/2024 13:52,2869.22
11/25/2024 13:52,2872.17
11/25/2024 13:52,2870.61
11/25/2024 13:30,2870.55
11/25/2024 13:30,2870.22
11/25/2024 13:30,2872.9
11/25/2024 13:30,2871.25
11/25/2024 13:08,2871.22
11/25/2024 13:08,2870.11
11/25/2024 13:08,2872.78
11/25/2024 13:08,2871.97
11/25/2024 12:46,2871.92
11/25/2024 12:46,2861.46
11/25/2024 12:46,2871.92
11/25/2024 12:46,2861.72
11/25/2024 12:24,2861.72
11/25/2024 12:24,2861.32
11/25/2024 12:24,2868.25
11/25/2024 12:24,2865.81
11/25/2024 12:02,2865.72
11/25/2024 12:02,2865.53
11/25/2024 12:02,2873.69
11/25/2024 12:02,2871.91
11/25/2024 11:41,2871.95
11/25/2024 11:41,2871.73
11/25/2024 11:41,2875.59
11/25/2024 11:41,2873.79
11/25/2024 11:19,2873.71
11/25/2024 11:19,2873.61
11/25/2024 11:19,2879.34
11/25/2024 11:19,2876.84
11/25/2024 10:57,2876.88
11/25/2024 10:57,2873.11
11/25/2024 10:57,2876.9
11/25/2024 10:57,2874.5
11/25/2024 10:35,2874.55
11/25/2024 10:35,2874
11/25/2024 10:35,2879.83
11/25/2024 10:35,2875.05
11/25/2024 10:13,2874.9
11/25/2024 10:13,2873.25
11/25/2024 10:13,2880.81
11/25/2024 10:13,2873.89
11/25/2024 9:51,2873.91
11/25/2024 9:51,2873.41
11/25/2024 9:51,2884.4
11/25/2024 9:51,2883.66
11/25/2024 9:30,2883.9
11/25/2024 9:30,2880.35
11/25/2024 9:30,2894.73
11/25/2024 9:30,2880.35
11/22/2024 16:03,2869.08
11/22/2024 16:03,2869.08
11/22/2024 16:03,2869.08
11/22/2024 16:03,2869.08
11/22/2024 15:41,2869.08
11/22/2024 15:41,2864.02
11/22/2024 15:41,2870.87
11/22/2024 15:41,2864.74
11/22/2024 15:19,2864.7
11/22/2024 15:19,2862.54
11/22/2024 15:19,2866.32
11/22/2024 15:19,2864.11
11/22/2024 14:57,2864.06
11/22/2024 14:57,2861.61
11/22/2024 14:57,2868.61
11/22/2024 14:57,2868.08
11/22/2024 14:35,2868.01
11/22/2024 14:35,2865.83
11/22/2024 14:35,2868.42
11/22/2024 14:35,2866.71
11/22/2024 14:13,2866.71
11/22/2024 14:13,2861.59
11/22/2024 14:13,2866.79
11/22/2024 14:13,2865.34
11/22/2024 13:52,2865.35
11/22/2024 13:52,2864.78
11/22/2024 13:52,2867.99
11/22/2024 13:52,2865.87
11/22/2024 13:30,2865.89
11/22/2024 13:30,2865.38
11/22/2024 13:30,2870.56
11/22/2024 13:30,2867.9
11/22/2024 13:08,2867.9
11/22/2024 13:08,2867.75
11/22/2024 13:08,2871.44
11/22/2024 13:08,2870.01
11/22/2024 12:46,2870.04
11/22/2024 12:46,2866.42
11/22/2024 12:46,2870.23
11/22/2024 12:46,2866.73
11/22/2024 12:24,2866.78
11/22/2024 12:24,2864.07
11/22/2024 12:24,2869.49
11/22/2024 12:24,2868.24
11/22/2024 12:02,2868.26
11/22/2024 12:02,2865.51
11/22/2024 12:02,2869.9
11/22/2024 12:02,2865.95
11/22/2024 11:41,2865.97
11/22/2024 11:41,2860.25
11/22/2024 11:41,2866.87
11/22/2024 11:41,2864.47
11/22/2024 11:19,2864.44
11/22/2024 11:19,2860.27
11/22/2024 11:19,2866.17
11/22/2024 11:19,2864.13
11/22/2024 10:57,2864.04
11/22/2024 10:57,2864.04
11/22/2024 10:57,2872.01
11/22/2024 10:57,2870.68
11/22/2024 10:35,2870.64
11/22/2024 10:35,2861.23
11/22/2024 10:35,2871.73
11/22/2024 10:35,2861.7
11/22/2024 10:13,2861.85
11/22/2024 10:13,2857.44
11/22/2024 10:13,2866.17
11/22/2024 10:13,2865.13
11/22/2024 9:51,2865.29
11/22/2024 9:51,2861.69
11/22/2024 9:51,2873.38
11/22/2024 9:51,2867.32
11/22/2024 9:30,2867.21
11/22/2024 9:30,2859.84
11/22/2024 9:30,2872.43
11/22/2024 9:30,2859.84
11/21/2024 16:03,2864.32
11/21/2024 16:03,2864.32
11/21/2024 16:03,2864.32
11/21/2024 16:03,2864.32
11/21/2024 15:41,2864.32
11/21/2024 15:41,2863.98
11/21/2024 15:41,2868.53
11/21/2024 15:41,2867.51
11/21/2024 15:19,2867.39
11/21/2024 15:19,2866.17
11/21/2024 15:19,2872.16
11/21/2024 15:19,2872.05
11/21/2024 14:57,2872.05
11/21/2024 14:57,2868.57
11/21/2024 14:57,2872.87
11/21/2024 14:57,2868.6
11/21/2024 14:35,2868.48
11/21/2024 14:35,2865.83
11/21/2024 14:35,2870.19
11/21/2024 14:35,2868.14
11/21/2024 14:13,2868.16
11/21/2024 14:13,2863.1
11/21/2024 14:13,2868.5
11/21/2024 14:13,2866.13
11/21/2024 13:52,2866.2
11/21/2024 13:52,2864.02
11/21/2024 13:52,2870.39
11/21/2024 13:52,2868.07
11/21/2024 13:30,2868.06
11/21/2024 13:30,2866.47
11/21/2024 13:30,2871.39
11/21/2024 13:30,2869.36
11/21/2024 13:08,2869.34
11/21/2024 13:08,2865.29
11/21/2024 13:08,2869.75
11/21/2024 13:08,2867.57
11/21/2024 12:46,2867.59
11/21/2024 12:46,2863.91
11/21/2024 12:46,2867.99
11/21/2024 12:46,2867.61
11/21/2024 12:24,2867.69
11/21/2024 12:24,2856.49
11/21/2024 12:24,2867.98
11/21/2024 12:24,2857.82
11/21/2024 12:02,2857.9
11/21/2024 12:02,2849.64
11/21/2024 12:02,2858.28
11/21/2024 12:02,2853.52
11/21/2024 11:41,2853.54
11/21/2024 11:41,2850.36
11/21/2024 11:41,2857.72
11/21/2024 11:41,2855.93
11/21/2024 11:19,2855.96
11/21/2024 11:19,2851.6
11/21/2024 11:19,2861.7
11/21/2024 11:19,2853.16
11/21/2024 10:57,2853.15
11/21/2024 10:57,2850.71
11/21/2024 10:57,2856.95
11/21/2024 10:57,2853.96
11/21/2024 10:35,2853.87
11/21/2024 10:35,2834.55
11/21/2024 10:35,2854.32
11/21/2024 10:35,2837.73
11/21/2024 10:13,2837.61
11/21/2024 10:13,2832.18
11/21/2024 10:13,2854.82
11/21/2024 10:13,2850.87
11/21/2024 9:51,2851.01
11/21/2024 9:51,2839.69
11/21/2024 9:51,2859.68
11/21/2024 9:51,2859.54
11/21/2024 9:30,2859.54
11/21/2024 9:30,2845.4
11/21/2024 9:30,2877
11/21/2024 9:30,2872.84
11/20/2024 16:03,2859.89
11/20/2024 16:03,2859.89
11/20/2024 16:03,2859.89
11/20/2024 16:03,2859.89
11/20/2024 15:41,2859.89
11/20/2024 15:41,2854.43
11/20/2024 15:41,2861.68
11/20/2024 15:41,2857.51
11/20/2024 15:19,2857.57
11/20/2024 15:19,2845.62
11/20/2024 15:19,2859.02
11/20/2024 15:19,2846
11/20/2024 14:57,2845.99
11/20/2024 14:57,2842.8
11/20/2024 14:57,2845.99
11/20/2024 14:57,2843.82
11/20/2024 14:35,2843.81
11/20/2024 14:35,2841.05
11/20/2024 14:35,2846.44
11/20/2024 14:35,2841.25
11/20/2024 14:13,2841.27
11/20/2024 14:13,2837.96
11/20/2024 14:13,2841.32
11/20/2024 14:13,2840.01
11/20/2024 13:52,2839.99
11/20/2024 13:52,2838.61
11/20/2024 13:52,2842.17
11/20/2024 13:52,2840.31
11/20/2024 13:30,2840.33
11/20/2024 13:30,2838.44
11/20/2024 13:30,2845.63
11/20/2024 13:30,2845.58
11/20/2024 13:08,2845.54
11/20/2024 13:08,2840.4
11/20/2024 13:08,2846.3
11/20/2024 13:08,2844.43
11/20/2024 12:46,2844.45
11/20/2024 12:46,2841.92
11/20/2024 12:46,2849.09
11/20/2024 12:46,2846.38
11/20/2024 12:24,2846.38
11/20/2024 12:24,2840.55
11/20/2024 12:24,2847.88
11/20/2024 12:24,2840.93
11/20/2024 12:02,2840.85
11/20/2024 12:02,2839.02
11/20/2024 12:02,2851.13
11/20/2024 12:02,2850.92
11/20/2024 11:41,2851.05
11/20/2024 11:41,2841.81
11/20/2024 11:41,2853.4
11/20/2024 11:41,2842.36
11/20/2024 11:19,2842.43
11/20/2024 11:19,2836.22
11/20/2024 11:19,2843.23
11/20/2024 11:19,2841.56
11/20/2024 10:57,2841.49
11/20/2024 10:57,2839.93
11/20/2024 10:57,2847.77
11/20/2024 10:57,2845.35
11/20/2024 10:35,2845.53
11/20/2024 10:35,2838.41
11/20/2024 10:35,2845.93
11/20/2024 10:35,2838.8
11/20/2024 10:13,2838.85
11/20/2024 10:13,2830.07
11/20/2024 10:13,2840.95
11/20/2024 10:13,2836.19
11/20/2024 9:51,2836.18
11/20/2024 9:51,2834.19
11/20/2024 9:51,2851.72
11/20/2024 9:51,2850.17
11/20/2024 9:30,2850.14
11/20/2024 9:30,2848.34
11/20/2024 9:30,2863.02
11/20/2024 9:30,2861.09
11/19/2024 16:03,2863.52
11/19/2024 16:03,2863.52
11/19/2024 16:03,2863.52
11/19/2024 16:03,2863.52
11/19/2024 15:41,2863.52
11/19/2024 15:41,2860.12
11/19/2024 15:41,2864.39
11/19/2024 15:41,2860.65
11/19/2024 15:19,2860.64
11/19/2024 15:19,2859.12
11/19/2024 15:19,2861.33
11/19/2024 15:19,2860.25
11/19/2024 14:57,2860.27
11/19/2024 14:57,2857.92
11/19/2024 14:57,2860.34
11/19/2024 14:57,2859.47
11/19/2024 14:35,2859.73
11/19/2024 14:35,2856.09
11/19/2024 14:35,2860.61
11/19/2024 14:35,2856.63
11/19/2024 14:13,2856.63
11/19/2024 14:13,2856.27
11/19/2024 14:13,2864.53
11/19/2024 14:13,2863.97
11/19/2024 13:52,2863.9
11/19/2024 13:52,2863.67
11/19/2024 13:52,2865.94
11/19/2024 13:52,2864.84
11/19/2024 13:30,2864.86
11/19/2024 13:30,2857.86
11/19/2024 13:30,2865.12
11/19/2024 13:30,2858.18
11/19/2024 13:08,2858.22
11/19/2024 13:08,2856.11
11/19/2024 13:08,2858.77
11/19/2024 13:08,2856.46
11/19/2024 12:46,2856.33
11/19/2024 12:46,2853.8
11/19/2024 12:46,2856.39
11/19/2024 12:46,2854.73
11/19/2024 12:24,2854.6
11/19/2024 12:24,2850.55
11/19/2024 12:24,2856.99
11/19/2024 12:24,2851.12
11/19/2024 12:02,2851.1
11/19/2024 12:02,2848.95
11/19/2024 12:02,2854.69
11/19/2024 12:02,2852.67
11/19/2024 11:41,2852.67
11/19/2024 11:41,2851.46
11/19/2024 11:41,2855.79
11/19/2024 11:41,2855.01
11/19/2024 11:19,2854.95
11/19/2024 11:19,2850.96
11/19/2024 11:19,2855.58
11/19/2024 11:19,2852.72
11/19/2024 10:57,2852.72
11/19/2024 10:57,2848.62
11/19/2024 10:57,2853.36
11/19/2024 10:57,2849.63
11/19/2024 10:35,2849.61
11/19/2024 10:35,2844.28
11/19/2024 10:35,2851.02
11/19/2024 10:35,2844.65
11/19/2024 10:13,2844.67
11/19/2024 10:13,2833.64
11/19/2024 10:13,2845.08
11/19/2024 10:13,2836.34
11/19/2024 9:51,2836.35
11/19/2024 9:51,2833.65
11/19/2024 9:51,2837.81
11/19/2024 9:51,2834.58
11/19/2024 9:30,2834.49
11/19/2024 9:30,2831.52
11/19/2024 9:30,2840.02
11/19/2024 9:30,2836.35
11/18/2024 16:03,2846.65
11/18/2024 16:03,2846.65
11/18/2024 16:03,2846.65
11/18/2024 16:03,2846.65
11/18/2024 15:41,2846.65
11/18/2024 15:41,2843.3
11/18/2024 15:41,2847.85
11/18/2024 15:41,2846.36
11/18/2024 15:19,2846.4
11/18/2024 15:19,2846.19
11/18/2024 15:19,2849.43
11/18/2024 15:19,2848.43
11/18/2024 14:57,2848.45
11/18/2024 14:57,2846.42
11/18/2024 14:57,2848.78
11/18/2024 14:57,2846.99
11/18/2024 14:35,2846.98
11/18/2024 14:35,2842.38
11/18/2024 14:35,2848.16
11/18/2024 14:35,2842.62
11/18/2024 14:13,2842.61
11/18/2024 14:13,2841.37
11/18/2024 14:13,2845.41
11/18/2024 14:13,2845.22
11/18/2024 13:52,2845.23
11/18/2024 13:52,2842.48
11/18/2024 13:52,2848.29
11/18/2024 13:52,2843.44
11/18/2024 13:30,2843.49
11/18/2024 13:30,2840.76
11/18/2024 13:30,2847.77
11/18/2024 13:30,2847.77
11/18/2024 13:08,2847.78
11/18/2024 13:08,2846.55
11/18/2024 13:08,2849.27
11/18/2024 13:08,2847.99
11/18/2024 12:46,2847.95
11/18/2024 12:46,2842.98
11/18/2024 12:46,2848.52
11/18/2024 12:46,2844.43
11/18/2024 12:24,2844.46
11/18/2024 12:24,2843.91
11/18/2024 12:24,2848.09
11/18/2024 12:24,2847.08
11/18/2024 12:02,2847.11
11/18/2024 12:02,2844.71
11/18/2024 12:02,2848.35
11/18/2024 12:02,2847.21
11/18/2024 11:41,2847.24
11/18/2024 11:41,2845.25
11/18/2024 11:41,2853.93
11/18/2024 11:41,2852.86
11/18/2024 11:19,2852.92
11/18/2024 11:19,2849.07
11/18/2024 11:19,2853.18
11/18/2024 11:19,2849.55
11/18/2024 10:57,2849.54
11/18/2024 10:57,2847.56
11/18/2024 10:57,2849.96
11/18/2024 10:57,2847.82
11/18/2024 10:35,2847.91
11/18/2024 10:35,2846.38
11/18/2024 10:35,2849.57
11/18/2024 10:35,2847.97
11/18/2024 10:13,2847.93
11/18/2024 10:13,2838.57
11/18/2024 10:13,2848.7
11/18/2024 10:13,2838.76
11/18/2024 9:51,2838.69
11/18/2024 9:51,2832.19
11/18/2024 9:51,2839.96
11/18/2024 9:51,2832.84
11/18/2024 9:30,2832.86
11/18/2024 9:30,2832.59
11/18/2024 9:30,2838.41
11/18/2024 9:30,2837.8
11/15/2024 16:03,2835.36
11/15/2024 16:03,2835.36
11/15/2024 16:03,2835.36
11/15/2024 16:03,2835.36
11/15/2024 15:41,2835.36
11/15/2024 15:41,2830.3
11/15/2024 15:41,2838.1
11/15/2024 15:41,2833.28
11/15/2024 15:19,2833.35
11/15/2024 15:19,2833.26
11/15/2024 15:19,2838.37
11/15/2024 15:19,2837.23
11/15/2024 14:57,2837.12
11/15/2024 14:57,2829.73
11/15/2024 14:57,2837.12
11/15/2024 14:57,2829.88
11/15/2024 14:35,2830.1
11/15/2024 14:35,2826
11/15/2024 14:35,2835.01
11/15/2024 14:35,2827.15
11/15/2024 14:13,2827.12
11/15/2024 14:13,2826.06
11/15/2024 14:13,2830.22
11/15/2024 14:13,2828.7
11/15/2024 13:52,2828.38
11/15/2024 13:52,2825.33
11/15/2024 13:52,2831.29
11/15/2024 13:52,2828.1
11/15/2024 13:30,2828.12
11/15/2024 13:30,2826.9
11/15/2024 13:30,2833.28
11/15/2024 13:30,2833.13
11/15/2024 13:08,2832.98
11/15/2024 13:08,2830.77
11/15/2024 13:08,2834.33
11/15/2024 13:08,2832.83
11/15/2024 12:46,2832.81
11/15/2024 12:46,2829.71
11/15/2024 12:46,2836.04
11/15/2024 12:46,2835.9
11/15/2024 12:24,2835.87
11/15/2024 12:24,2832.09
11/15/2024 12:24,2836.12
11/15/2024 12:24,2834.09
11/15/2024 12:02,2834.11
11/15/2024 12:02,2831.61
11/15/2024 12:02,2836.17
11/15/2024 12:02,2834.13
11/15/2024 11:41,2834.17
11/15/2024 11:41,2833.17
11/15/2024 11:41,2840.43
11/15/2024 11:41,2838.38
11/15/2024 11:19,2838.24
11/15/2024 11:19,2838.04
11/15/2024 11:19,2844.43
11/15/2024 11:19,2842.29
11/15/2024 10:57,2842.52
11/15/2024 10:57,2838.16
11/15/2024 10:57,2843.01
11/15/2024 10:57,2839.9
11/15/2024 10:35,2839.97
11/15/2024 10:35,2839.15
11/15/2024 10:35,2846.04
11/15/2024 10:35,2840.36
11/15/2024 10:13,2840.12
11/15/2024 10:13,2839.68
11/15/2024 10:13,2846.55
11/15/2024 10:13,2844
11/15/2024 9:51,2844.07
11/15/2024 9:51,2843.43
11/15/2024 9:51,2856.32
11/15/2024 9:51,2855.92
11/15/2024 9:30,2856
11/15/2024 9:30,2849.84
11/15/2024 9:30,2859.53
11/15/2024 9:30,2858.49
11/14/2024 16:03,2879.49
11/14/2024 16:03,2879.49
11/14/2024 16:03,2879.49
11/14/2024 16:03,2879.49
11/14/2024 15:41,2879.49
11/14/2024 15:41,2874.75
11/14/2024 15:41,2880.78
11/14/2024 15:41,2878.23
11/14/2024 15:19,2878.21
11/14/2024 15:19,2877.21
11/14/2024 15:19,2882.78
11/14/2024 15:19,2882.08
11/14/2024 14:57,2882.12
11/14/2024 14:57,2875.99
11/14/2024 14:57,2887.15
11/14/2024 14:57,2887.15
11/14/2024 14:35,2887.18
11/14/2024 14:35,2884.64
11/14/2024 14:35,2889.45
11/14/2024 14:35,2886.5
11/14/2024 14:13,2886.51
11/14/2024 14:13,2882.68
11/14/2024 14:13,2887.47
11/14/2024 14:13,2884.04
11/14/2024 13:52,2884.06
11/14/2024 13:52,2879.73
11/14/2024 13:52,2887.22
11/14/2024 13:52,2884.89
11/14/2024 13:30,2885.01
11/14/2024 13:30,2884.37
11/14/2024 13:30,2887.43
11/14/2024 13:30,2887.3
11/14/2024 13:08,2887.32
11/14/2024 13:08,2886.75
11/14/2024 13:08,2889.68
11/14/2024 13:08,2887.58
11/14/2024 12:46,2887.59
11/14/2024 12:46,2879.29
11/14/2024 12:46,2888.01
11/14/2024 12:46,2886.75
11/14/2024 12:24,2886.69
11/14/2024 12:24,2881.24
11/14/2024 12:24,2888.41
11/14/2024 12:24,2886.62
11/14/2024 12:02,2886.58
11/14/2024 12:02,2885.33
11/14/2024 12:02,2890.63
11/14/2024 12:02,2888.07
11/14/2024 11:41,2888.03
11/14/2024 11:41,2887.13
11/14/2024 11:41,2895.47
11/14/2024 11:41,2894.08
11/14/2024 11:19,2894.07
11/14/2024 11:19,2890
11/14/2024 11:19,2894.18
11/14/2024 11:19,2890.4
11/14/2024 10:57,2890.39
11/14/2024 10:57,2889.12
11/14/2024 10:57,2892.75
11/14/2024 10:57,2890.83
11/14/2024 10:35,2890.84
11/14/2024 10:35,2890.77
11/14/2024 10:35,2895.05
11/14/2024 10:35,2891.18
11/14/2024 10:13,2891.22
11/14/2024 10:13,2884.7
11/14/2024 10:13,2891.56
11/14/2024 10:13,2891.16
11/14/2024 9:51,2891.13
11/14/2024 9:51,2888.8
11/14/2024 9:51,2893.05
11/14/2024 9:51,2892.67
11/14/2024 9:30,2892.72
11/14/2024 9:30,2887.62
11/14/2024 9:30,2899.57
11/14/2024 9:30,2896.53
11/13/2024 16:03,2893.5
11/13/2024 16:03,2893.5
11/13/2024 16:03,2893.5
11/13/2024 16:03,2893.5
11/13/2024 15:41,2893.5
11/13/2024 15:41,2890.68
11/13/2024 15:41,2900.9
11/13/2024 15:41,2899.74
11/13/2024 15:19,2899.79
11/13/2024 15:19,2894.56
11/13/2024 15:19,2900.6
11/13/2024 15:19,2897.85
11/13/2024 14:57,2897.85
11/13/2024 14:57,2892.32
11/13/2024 14:57,2898.68
11/13/2024 14:57,2894.9
11/13/2024 14:35,2894.86
11/13/2024 14:35,2893.6
11/13/2024 14:35,2897.51
11/13/2024 14:35,2897.05
11/13/2024 14:13,2897.19
11/13/2024 14:13,2896.31
11/13/2024 14:13,2902.21
11/13/2024 14:13,2902.21
11/13/2024 13:52,2902.23
11/13/2024 13:52,2900.77
11/13/2024 13:52,2905.08
11/13/2024 13:52,2904.07
11/13/2024 13:30,2904.15
11/13/2024 13:30,2901.06
11/13/2024 13:30,2904.83
11/13/2024 13:30,2901.74
11/13/2024 13:08,2901.7
11/13/2024 13:08,2899.48
11/13/2024 13:08,2902.39
11/13/2024 13:08,2902.16
11/13/2024 12:46,2902.17
11/13/2024 12:46,2900.29
11/13/2024 12:46,2903.96
11/13/2024 12:46,2900.29
11/13/2024 12:24,2900.27
11/13/2024 12:24,2898.05
11/13/2024 12:24,2900.84
11/13/2024 12:24,2898.34
11/13/2024 12:02,2898.38
11/13/2024 12:02,2895.25
11/13/2024 12:02,2901.91
11/13/2024 12:02,2895.46
11/13/2024 11:41,2895.48
11/13/2024 11:41,2890.44
11/13/2024 11:41,2896.86
11/13/2024 11:41,2892.22
11/13/2024 11:19,2892.29
11/13/2024 11:19,2891
11/13/2024 11:19,2896.61
11/13/2024 11:19,2892.14
11/13/2024 10:57,2892.24
11/13/2024 10:57,2886.89
11/13/2024 10:57,2892.25
11/13/2024 10:57,2889.94
11/13/2024 10:35,2890.07
11/13/2024 10:35,2884.88
11/13/2024 10:35,2890.61
11/13/2024 10:35,2887.9
11/13/2024 10:13,2887.94
11/13/2024 10:13,2883.39
11/13/2024 10:13,2890.62
11/13/2024 10:13,2885.15
11/13/2024 9:51,2885.14
11/13/2024 9:51,2880.19
11/13/2024 9:51,2891.89
11/13/2024 9:51,2890.28
11/13/2024 9:30,2890.34
11/13/2024 9:30,2888.2
11/13/2024 9:30,2896.09
11/13/2024 9:30,2892.75
11/12/2024 16:03,2892.71
11/12/2024 16:03,2892.71
11/12/2024 16:03,2892.71
11/12/2024 16:03,2892.71
11/12/2024 15:41,2892.71
11/12/2024 15:41,2891.32
11/12/2024 15:41,2896.22
11/12/2024 15:41,2895.64
11/12/2024 15:19,2895.61
11/12/2024 15:19,2893.09
11/12/2024 15:19,2896.53
11/12/2024 15:19,2895.47
11/12/2024 14:57,2895.49
11/12/2024 14:57,2894.91
11/12/2024 14:57,2899.22
11/12/2024 14:57,2897.86
11/12/2024 14:35,2897.89
11/12/2024 14:35,2897.26
11/12/2024 14:35,2900.41
11/12/2024 14:35,2899.15
11/12/2024 14:13,2899.18
11/12/2024 14:13,2895.72
11/12/2024 14:13,2899.65
11/12/2024 14:13,2895.8
11/12/2024 13:52,2895.75
11/12/2024 13:52,2892.69
11/12/2024 13:52,2897.69
11/12/2024 13:52,2893.11
11/12/2024 13:30,2893.12
11/12/2024 13:30,2887.24
11/12/2024 13:30,2893.88
11/12/2024 13:30,2887.27
11/12/2024 13:08,2887.2
11/12/2024 13:08,2881.86
11/12/2024 13:08,2888.27
11/12/2024 13:08,2881.94
11/12/2024 12:46,2881.87
11/12/2024 12:46,2879.91
11/12/2024 12:46,2889.84
11/12/2024 12:46,2888.7
11/12/2024 12:24,2888.64
11/12/2024 12:24,2888.49
11/12/2024 12:24,2892.26
11/12/2024 12:24,2889.8
11/12/2024 12:02,2889.81
11/12/2024 12:02,2888.6
11/12/2024 12:02,2893.22
11/12/2024 12:02,2890.83
11/12/2024 11:41,2890.89
11/12/2024 11:41,2890.47
11/12/2024 11:41,2895.77
11/12/2024 11:41,2892.18
11/12/2024 11:19,2892.28
11/12/2024 11:19,2891.15
11/12/2024 11:19,2895.98
11/12/2024 11:19,2894.64
11/12/2024 10:57,2894.7
11/12/2024 10:57,2893.3
11/12/2024 10:57,2896.56
11/12/2024 10:57,2894.45
11/12/2024 10:35,2894.46
11/12/2024 10:35,2894.21
11/12/2024 10:35,2900.37
11/12/2024 10:35,2899.19
11/12/2024 10:13,2899.12
11/12/2024 10:13,2896.49
11/12/2024 10:13,2899.81
11/12/2024 10:13,2899
11/12/2024 9:51,2899
11/12/2024 9:51,2895.8
11/12/2024 9:51,2903.29
11/12/2024 9:51,2901.41
11/12/2024 9:30,2901.34
11/12/2024 9:30,2896.18
11/12/2024 9:30,2903.29
11/12/2024 9:30,2899.77
11/11/2024 16:03,2896.24
11/11/2024 16:03,2896.24
11/11/2024 16:03,2896.24
11/11/2024 16:03,2896.24
11/11/2024 15:41,2896.24
11/11/2024 15:41,2893.14
11/11/2024 15:41,2897.46
11/11/2024 15:41,2895.34
11/11/2024 15:19,2895.3
11/11/2024 15:19,2893.63
11/11/2024 15:19,2896.26
11/11/2024 15:19,2895.66
11/11/2024 14:57,2895.68
11/11/2024 14:57,2893.36
11/11/2024 14:57,2896.3
11/11/2024 14:57,2893.95
11/11/2024 14:35,2893.91
11/11/2024 14:35,2893.24
11/11/2024 14:35,2895.57
11/11/2024 14:35,2894.98
11/11/2024 14:13,2895.01
11/11/2024 14:13,2893.23
11/11/2024 14:13,2895.68
11/11/2024 14:13,2893.83
11/11/2024 13:52,2893.83
11/11/2024 13:52,2893.42
11/11/2024 13:52,2896
11/11/2024 13:52,2895.51
11/11/2024 13:30,2895.5
11/11/2024 13:30,2890.48
11/11/2024 13:30,2895.6
11/11/2024 13:30,2891.09
11/11/2024 13:08,2891.1
11/11/2024 13:08,2886.76
11/11/2024 13:08,2891.13
11/11/2024 13:08,2890.31
11/11/2024 12:46,2890.26
11/11/2024 12:46,2888.76
11/11/2024 12:46,2896.04
11/11/2024 12:46,2894.09
11/11/2024 12:24,2894.07
11/11/2024 12:24,2893.87
11/11/2024 12:24,2897.23
11/11/2024 12:24,2895.14
11/11/2024 12:02,2895.16
11/11/2024 12:02,2894.54
11/11/2024 12:02,2899.16
11/11/2024 12:02,2899.09
11/11/2024 11:41,2899.11
11/11/2024 11:41,2896.84
11/11/2024 11:41,2899.34
11/11/2024 11:41,2898.32
11/11/2024 11:19,2898.33
11/11/2024 11:19,2897.09
11/11/2024 11:19,2900.66
11/11/2024 11:19,2899.39
11/11/2024 10:57,2899.3
11/11/2024 10:57,2898.08
11/11/2024 10:57,2902.85
11/11/2024 10:57,2902.38
11/11/2024 10:35,2902.4
11/11/2024 10:35,2898.75
11/11/2024 10:35,2903.42
11/11/2024 10:35,2900.95
11/11/2024 10:13,2900.86
11/11/2024 10:13,2895.9
11/11/2024 10:13,2901.03
11/11/2024 10:13,2898.06
11/11/2024 9:51,2898.16
11/11/2024 9:51,2895.86
11/11/2024 9:51,2901.64
11/11/2024 9:51,2901.22
11/11/2024 9:30,2901.33
11/11/2024 9:30,2899.75
11/11/2024 9:30,2907.25
11/11/2024 9:30,2904.44
11/8/2024 16:03,2897.66
11/8/2024 16:03,2897.66
11/8/2024 16:03,2897.66
11/8/2024 16:03,2897.66
11/8/2024 15:41,2897.66
11/8/2024 15:41,2895.97
11/8/2024 15:41,2898.72
11/8/2024 15:41,2898.18
11/8/2024 15:19,2898.12
11/8/2024 15:19,2897.56
11/8/2024 15:19,2901.86
11/8/2024 15:19,2901.37
11/8/2024 14:57,2901.37
11/8/2024 14:57,2900.39
11/8/2024 14:57,2903.4
11/8/2024 14:57,2903.4
11/8/2024 14:35,2903.39
11/8/2024 14:35,2903.18
11/8/2024 14:35,2906.41
11/8/2024 14:35,2904.47
11/8/2024 14:13,2904.49
11/8/2024 14:13,2903.19
11/8/2024 14:13,2904.69
11/8/2024 14:13,2903.69
11/8/2024 13:52,2903.64
11/8/2024 13:52,2901.21
11/8/2024 13:52,2904.43
11/8/2024 13:52,2902.1
11/8/2024 13:30,2902.11
11/8/2024 13:30,2899.38
11/8/2024 13:30,2903.88
11/8/2024 13:30,2899.4
11/8/2024 13:08,2899.4
11/8/2024 13:08,2897.98
11/8/2024 13:08,2899.86
11/8/2024 13:08,2898.91
11/8/2024 12:46,2898.86
11/8/2024 12:46,2897.37
11/8/2024 12:46,2899.63
11/8/2024 12:46,2898.83
11/8/2024 12:24,2898.83
11/8/2024 12:24,2895.83
11/8/2024 12:24,2900.02
11/8/2024 12:24,2895.97
11/8/2024 12:02,2895.99
11/8/2024 12:02,2894.98
11/8/2024 12:02,2897.86
11/8/2024 12:02,2897.79
11/8/2024 11:41,2897.81
11/8/2024 11:41,2896.33
11/8/2024 11:41,2899.55
11/8/2024 11:41,2898.05
11/8/2024 11:19,2898.07
11/8/2024 11:19,2895.94
11/8/2024 11:19,2899.12
11/8/2024 11:19,2896.84
11/8/2024 10:57,2896.78
11/8/2024 10:57,2892.34
11/8/2024 10:57,2896.84
11/8/2024 10:57,2895.62
11/8/2024 10:35,2895.7
11/8/2024 10:35,2892.92
11/8/2024 10:35,2897.38
11/8/2024 10:35,2895.09
11/8/2024 10:13,2895.25
11/8/2024 10:13,2891.02
11/8/2024 10:13,2896.28
11/8/2024 10:13,2892.53
11/8/2024 9:51,2892.63
11/8/2024 9:51,2891.68
11/8/2024 9:51,2897.98
11/8/2024 9:51,2895.13
11/8/2024 9:30,2895.2
11/8/2024 9:30,2891.57
11/8/2024 9:30,2896.8
11/8/2024 9:30,2892.46
11/7/2024 16:03,2890.4
11/7/2024 16:03,2890.4
11/7/2024 16:03,2890.4
11/7/2024 16:03,2890.4
11/7/2024 15:41,2890.4
11/7/2024 15:41,2888.52
11/7/2024 15:41,2894.35
11/7/2024 15:41,2892.13
11/7/2024 15:19,2892.04
11/7/2024 15:19,2890.63
11/7/2024 15:19,2895.25
11/7/2024 15:19,2894.59
11/7/2024 14:57,2894.65
11/7/2024 14:57,2889.7
11/7/2024 14:57,2895.29
11/7/2024 14:57,2889.73
11/7/2024 14:35,2889.69
11/7/2024 14:35,2882.6
11/7/2024 14:35,2890.75
11/7/2024 14:35,2889.43
11/7/2024 14:13,2889.46
11/7/2024 14:13,2885.27
11/7/2024 14:13,2889.57
11/7/2024 14:13,2887.74
11/7/2024 13:52,2887.74
11/7/2024 13:52,2884.32
11/7/2024 13:52,2889.19
11/7/2024 13:52,2886.05
11/7/2024 13:30,2885.95
11/7/2024 13:30,2883.47
11/7/2024 13:30,2886.35
11/7/2024 13:30,2885.96
11/7/2024 13:08,2885.98
11/7/2024 13:08,2884.49
11/7/2024 13:08,2886.84
11/7/2024 13:08,2886.38
11/7/2024 12:46,2886.43
11/7/2024 12:46,2886.38
11/7/2024 12:46,2889.32
11/7/2024 12:46,2888.55
11/7/2024 12:24,2888.6
11/7/2024 12:24,2886.21
11/7/2024 12:24,2888.63
11/7/2024 12:24,2886.9
11/7/2024 12:02,2886.88
11/7/2024 12:02,2886.16
11/7/2024 12:02,2888.66
11/7/2024 12:02,2887.99
11/7/2024 11:41,2887.96
11/7/2024 11:41,2886.94
11/7/2024 11:41,2889.86
11/7/2024 11:41,2887.18
11/7/2024 11:19,2887.28
11/7/2024 11:19,2883.68
11/7/2024 11:19,2887.35
11/7/2024 11:19,2884.77
11/7/2024 10:57,2884.86
11/7/2024 10:57,2881.95
11/7/2024 10:57,2886.81
11/7/2024 10:57,2885.63
11/7/2024 10:35,2885.66
11/7/2024 10:35,2881.28
11/7/2024 10:35,2886.71
11/7/2024 10:35,2881.74
11/7/2024 10:13,2881.71
11/7/2024 10:13,2881.09
11/7/2024 10:13,2884.35
11/7/2024 10:13,2883.92
11/7/2024 9:51,2883.87
11/7/2024 9:51,2878.24
11/7/2024 9:51,2884.27
11/7/2024 9:51,2878.51
11/7/2024 9:30,2878.48
11/7/2024 9:30,2873.94
11/7/2024 9:30,2880.47
11/7/2024 9:30,2874.06
11/6/2024 16:03,2864.01
11/6/2024 16:03,2864.01
11/6/2024 16:03,2864.01
11/6/2024 16:03,2864.01
11/6/2024 15:41,2864.01
11/6/2024 15:41,2861.41
11/6/2024 15:41,2867.36
11/6/2024 15:41,2862.61
11/6/2024 15:19,2862.65
11/6/2024 15:19,2862.32
11/6/2024 15:19,2865.58
11/6/2024 15:19,2865.36
11/6/2024 14:57,2865.32
11/6/2024 14:57,2860.59
11/6/2024 14:57,2866.35
11/6/2024 14:57,2860.81
11/6/2024 14:35,2860.85
11/6/2024 14:35,2858.91
11/6/2024 14:35,2861.52
11/6/2024 14:35,2860.04
11/6/2024 14:13,2859.87
11/6/2024 14:13,2859.22
11/6/2024 14:13,2862.1
11/6/2024 14:13,2859.75
11/6/2024 13:52,2859.73
11/6/2024 13:52,2856.71
11/6/2024 13:52,2861.17
11/6/2024 13:52,2860.97
11/6/2024 13:30,2860.99
11/6/2024 13:30,2859.01
11/6/2024 13:30,2862.06
11/6/2024 13:30,2859.95
11/6/2024 13:08,2859.93
11/6/2024 13:08,2856.47
11/6/2024 13:08,2860.04
11/6/2024 13:08,2856.48
11/6/2024 12:46,2856.49
11/6/2024 12:46,2853.71
11/6/2024 12:46,2857.23
11/6/2024 12:46,2854.05
11/6/2024 12:24,2854.06
11/6/2024 12:24,2851.88
11/6/2024 12:24,2854.32
11/6/2024 12:24,2853.03
11/6/2024 12:02,2853.02
11/6/2024 12:02,2851.13
11/6/2024 12:02,2854.23
11/6/2024 12:02,2851.54
11/6/2024 11:41,2851.58
11/6/2024 11:41,2850.78
11/6/2024 11:41,2853.1
11/6/2024 11:41,2851.6
11/6/2024 11:19,2851.8
11/6/2024 11:19,2844.33
11/6/2024 11:19,2853.3
11/6/2024 11:19,2846.77
11/6/2024 10:57,2846.87
11/6/2024 10:57,2841.15
11/6/2024 10:57,2849.76
11/6/2024 10:57,2845.39
11/6/2024 10:35,2845.33
11/6/2024 10:35,2842.47
11/6/2024 10:35,2854.13
11/6/2024 10:35,2853.69
11/6/2024 10:13,2853.58
11/6/2024 10:13,2845.91
11/6/2024 10:13,2856.78
11/6/2024 10:13,2846.33
11/6/2024 9:51,2846.39
11/6/2024 9:51,2836.61
11/6/2024 9:51,2847.32
11/6/2024 9:51,2840.15
11/6/2024 9:30,2840.27
11/6/2024 9:30,2834.4
11/6/2024 9:30,2852.06
11/6/2024 9:30,2834.4
